{
  "GetBooking after Partial Update" : {
    "transaction" : "GetBooking after Partial Update",
    "sampleCount" : 2800,
    "errorCount" : 0,
    "errorPct" : 0.0,
    "meanResTime" : 3477.098214285716,
    "medianResTime" : 4640.0,
    "minResTime" : 287.0,
    "maxResTime" : 8867.0,
    "pct1ResTime" : 4903.0,
    "pct2ResTime" : 4953.95,
    "pct3ResTime" : 4994.99,
    "throughput" : 70.75352504169403,
    "receivedKBytesPerSec" : 28.674524308889676,
    "sentKBytesPerSec" : 12.920809748824986
  },
  "GetBooking after Update" : {
    "transaction" : "GetBooking after Update",
    "sampleCount" : 2800,
    "errorCount" : 0,
    "errorPct" : 0.0,
    "meanResTime" : 3473.098928571427,
    "medianResTime" : 4311.0,
    "minResTime" : 286.0,
    "maxResTime" : 6038.0,
    "pct1ResTime" : 4795.0,
    "pct2ResTime" : 4888.0,
    "pct3ResTime" : 4941.959999999999,
    "throughput" : 53.68098159509203,
    "receivedKBytesPerSec" : 21.75547593941718,
    "sentKBytesPerSec" : 9.80306988113497
  },
  "PartialUpdateBooking" : {
    "transaction" : "PartialUpdateBooking",
    "sampleCount" : 2800,
    "errorCount" : 0,
    "errorPct" : 0.0,
    "meanResTime" : 6844.621428571425,
    "medianResTime" : 9090.0,
    "minResTime" : 289.0,
    "maxResTime" : 10041.0,
    "pct1ResTime" : 9294.0,
    "pct2ResTime" : 9347.0,
    "pct3ResTime" : 9445.0,
    "throughput" : 58.30175321700745,
    "receivedKBytesPerSec" : 23.628151938533293,
    "sentKBytesPerSec" : 17.934621350934908
  },
  "Total" : {
    "transaction" : "Total",
    "sampleCount" : 22400,
    "errorCount" : 0,
    "errorPct" : 0.0,
    "meanResTime" : 7336.015401785685,
    "medianResTime" : 4334.0,
    "minResTime" : 286.0,
    "maxResTime" : 64155.0,
    "pct1ResTime" : 9208.0,
    "pct2ResTime" : 19941.700000000048,
    "pct3ResTime" : 58819.96000000001,
    "throughput" : 275.4448311055913,
    "receivedKBytesPerSec" : 102.14860801987139,
    "sentKBytesPerSec" : 78.57843875656334
  },
  "Auth" : {
    "transaction" : "Auth",
    "sampleCount" : 2800,
    "errorCount" : 0,
    "errorPct" : 0.0,
    "meanResTime" : 29331.992142857136,
    "medianResTime" : 18078.5,
    "minResTime" : 9001.0,
    "maxResTime" : 64155.0,
    "pct1ResTime" : 58658.0,
    "pct2ResTime" : 59312.6,
    "pct3ResTime" : 60712.829999999994,
    "throughput" : 37.812288993923026,
    "receivedKBytesPerSec" : 10.006963200540175,
    "sentKBytesPerSec" : 9.489998311951384
  },
  "Create Booking" : {
    "transaction" : "Create Booking",
    "sampleCount" : 2800,
    "errorCount" : 0,
    "errorPct" : 0.0,
    "meanResTime" : 1525.3557142857162,
    "medianResTime" : 1136.5,
    "minResTime" : 287.0,
    "maxResTime" : 5184.0,
    "pct1ResTime" : 3557.9,
    "pct2ResTime" : 3839.8999999999996,
    "pct3ResTime" : 4362.98,
    "throughput" : 48.89036336016483,
    "receivedKBytesPerSec" : 21.198555988196468,
    "sentKBytesPerSec" : 21.67600094288558
  },
  "GetBooking" : {
    "transaction" : "GetBooking",
    "sampleCount" : 2800,
    "errorCount" : 0,
    "errorPct" : 0.0,
    "meanResTime" : 2354.2639285714267,
    "medianResTime" : 2482.0,
    "minResTime" : 286.0,
    "maxResTime" : 6574.0,
    "pct1ResTime" : 4366.9,
    "pct2ResTime" : 4493.0,
    "pct3ResTime" : 4617.99,
    "throughput" : 48.38849045191394,
    "receivedKBytesPerSec" : 19.61056986088309,
    "sentKBytesPerSec" : 8.836570033699127
  },
  "UpdateBooking " : {
    "transaction" : "UpdateBooking ",
    "sampleCount" : 2800,
    "errorCount" : 0,
    "errorPct" : 0.0,
    "meanResTime" : 6302.252499999984,
    "medianResTime" : 8232.0,
    "minResTime" : 289.0,
    "maxResTime" : 9610.0,
    "pct1ResTime" : 8607.0,
    "pct2ResTime" : 8654.0,
    "pct3ResTime" : 9230.929999999998,
    "throughput" : 47.33087663545083,
    "receivedKBytesPerSec" : 19.18194707393759,
    "sentKBytesPerSec" : 22.78722869265357
  },
  "DeleteBooking" : {
    "transaction" : "DeleteBooking",
    "sampleCount" : 2800,
    "errorCount" : 0,
    "errorPct" : 0.0,
    "meanResTime" : 5379.440357142842,
    "medianResTime" : 7134.0,
    "minResTime" : 288.0,
    "maxResTime" : 13017.0,
    "pct1ResTime" : 8497.9,
    "pct2ResTime" : 8605.0,
    "pct3ResTime" : 10155.97,
    "throughput" : 79.6495420151334,
    "receivedKBytesPerSec" : 19.29012345679012,
    "sentKBytesPerSec" : 19.990168259657505
  }
}