{
  "GetBooking after Partial Update" : {
    "transaction" : "GetBooking after Partial Update",
    "sampleCount" : 1500,
    "errorCount" : 0,
    "errorPct" : 0.0,
    "meanResTime" : 1199.3100000000006,
    "medianResTime" : 1096.5,
    "minResTime" : 292.0,
    "maxResTime" : 5554.0,
    "pct1ResTime" : 1680.0,
    "pct2ResTime" : 1723.95,
    "pct3ResTime" : 3122.99,
    "throughput" : 73.44660431866033,
    "receivedKBytesPerSec" : 29.765957804925822,
    "sentKBytesPerSec" : 13.412612312099105
  },
  "GetBooking after Update" : {
    "transaction" : "GetBooking after Update",
    "sampleCount" : 1500,
    "errorCount" : 0,
    "errorPct" : 0.0,
    "meanResTime" : 1334.0706666666686,
    "medianResTime" : 1408.0,
    "minResTime" : 370.0,
    "maxResTime" : 5283.0,
    "pct1ResTime" : 1759.0,
    "pct2ResTime" : 1789.0,
    "pct3ResTime" : 3296.700000000002,
    "throughput" : 74.83909594372099,
    "receivedKBytesPerSec" : 30.330297672504116,
    "sentKBytesPerSec" : 13.666905216284988
  },
  "PartialUpdateBooking" : {
    "transaction" : "PartialUpdateBooking",
    "sampleCount" : 1500,
    "errorCount" : 0,
    "errorPct" : 0.0,
    "meanResTime" : 2243.589333333337,
    "medianResTime" : 2233.5,
    "minResTime" : 295.0,
    "maxResTime" : 6292.0,
    "pct1ResTime" : 3142.9,
    "pct2ResTime" : 3177.0,
    "pct3ResTime" : 4210.770000000001,
    "throughput" : 71.99078517949702,
    "receivedKBytesPerSec" : 29.175952978018817,
    "sentKBytesPerSec" : 22.14560286283356
  },
  "Total" : {
    "transaction" : "Total",
    "sampleCount" : 12000,
    "errorCount" : 0,
    "errorPct" : 0.0,
    "meanResTime" : 1750.1047500000025,
    "medianResTime" : 1540.0,
    "minResTime" : 277.0,
    "maxResTime" : 15994.0,
    "pct1ResTime" : 3137.0,
    "pct2ResTime" : 3331.949999999999,
    "pct3ResTime" : 5370.919999999998,
    "throughput" : 455.7019709110242,
    "receivedKBytesPerSec" : 168.99689790377096,
    "sentKBytesPerSec" : 130.00189282459272
  },
  "Auth" : {
    "transaction" : "Auth",
    "sampleCount" : 1500,
    "errorCount" : 0,
    "errorPct" : 0.0,
    "meanResTime" : 2311.066000000001,
    "medianResTime" : 1883.0,
    "minResTime" : 1118.0,
    "maxResTime" : 15994.0,
    "pct1ResTime" : 3935.9,
    "pct2ResTime" : 4691.5,
    "pct3ResTime" : 6481.95,
    "throughput" : 89.4134477825465,
    "receivedKBytesPerSec" : 23.66312924713877,
    "sentKBytesPerSec" : 22.440679765736768
  },
  "Create Booking" : {
    "transaction" : "Create Booking",
    "sampleCount" : 1500,
    "errorCount" : 0,
    "errorPct" : 0.0,
    "meanResTime" : 1325.648666666667,
    "medianResTime" : 1042.5,
    "minResTime" : 285.0,
    "maxResTime" : 5968.0,
    "pct1ResTime" : 2698.4000000000005,
    "pct2ResTime" : 3744.500000000003,
    "pct3ResTime" : 4952.75,
    "throughput" : 95.34706331045004,
    "receivedKBytesPerSec" : 41.34189073226545,
    "sentKBytesPerSec" : 42.27301439740656
  },
  "GetBooking" : {
    "transaction" : "GetBooking",
    "sampleCount" : 1500,
    "errorCount" : 0,
    "errorPct" : 0.0,
    "meanResTime" : 1089.804666666667,
    "medianResTime" : 963.5,
    "minResTime" : 285.0,
    "maxResTime" : 5214.0,
    "pct1ResTime" : 1725.9,
    "pct2ResTime" : 1746.0,
    "pct3ResTime" : 3862.5700000000006,
    "throughput" : 87.23973479120625,
    "receivedKBytesPerSec" : 35.3559472054205,
    "sentKBytesPerSec" : 15.931475005815983
  },
  "UpdateBooking " : {
    "transaction" : "UpdateBooking ",
    "sampleCount" : 1500,
    "errorCount" : 0,
    "errorPct" : 0.0,
    "meanResTime" : 2569.2313333333327,
    "medianResTime" : 2810.5,
    "minResTime" : 311.0,
    "maxResTime" : 7239.0,
    "pct1ResTime" : 4536.8,
    "pct2ResTime" : 5315.0,
    "pct3ResTime" : 6340.83,
    "throughput" : 77.65984985762361,
    "receivedKBytesPerSec" : 31.473474307533003,
    "sentKBytesPerSec" : 37.388970683406676
  },
  "DeleteBooking" : {
    "transaction" : "DeleteBooking",
    "sampleCount" : 1500,
    "errorCount" : 0,
    "errorPct" : 0.0,
    "meanResTime" : 1928.1173333333288,
    "medianResTime" : 1916.5,
    "minResTime" : 277.0,
    "maxResTime" : 6658.0,
    "pct1ResTime" : 3102.9,
    "pct2ResTime" : 3153.95,
    "pct3ResTime" : 3190.0,
    "throughput" : 73.81889763779527,
    "receivedKBytesPerSec" : 17.878014271653544,
    "sentKBytesPerSec" : 18.52681317667323
  }
}