{
  "GetBooking after Partial Update" : {
    "transaction" : "GetBooking after Partial Update",
    "sampleCount" : 20,
    "errorCount" : 0,
    "errorPct" : 0.0,
    "meanResTime" : 300.79999999999995,
    "medianResTime" : 297.5,
    "minResTime" : 278.0,
    "maxResTime" : 337.0,
    "pct1ResTime" : 332.9,
    "pct2ResTime" : 336.8,
    "pct3ResTime" : 337.0,
    "throughput" : 2.1791239921551533,
    "receivedKBytesPerSec" : 0.8831410710394421,
    "sentKBytesPerSec" : 0.3979454946611462
  },
  "GetBooking after Update" : {
    "transaction" : "GetBooking after Update",
    "sampleCount" : 20,
    "errorCount" : 0,
    "errorPct" : 0.0,
    "meanResTime" : 296.59999999999997,
    "medianResTime" : 295.5,
    "minResTime" : 278.0,
    "maxResTime" : 326.0,
    "pct1ResTime" : 322.1,
    "pct2ResTime" : 325.9,
    "pct3ResTime" : 326.0,
    "throughput" : 2.1753317380900588,
    "receivedKBytesPerSec" : 0.8816041711986077,
    "sentKBytesPerSec" : 0.3972529638894931
  },
  "PartialUpdateBooking" : {
    "transaction" : "PartialUpdateBooking",
    "sampleCount" : 20,
    "errorCount" : 0,
    "errorPct" : 0.0,
    "meanResTime" : 307.79999999999995,
    "medianResTime" : 297.0,
    "minResTime" : 279.0,
    "maxResTime" : 518.0,
    "pct1ResTime" : 317.0,
    "pct2ResTime" : 507.9999999999999,
    "pct3ResTime" : 518.0,
    "throughput" : 2.175805047867711,
    "receivedKBytesPerSec" : 0.8817959910791993,
    "sentKBytesPerSec" : 0.6693150293733682
  },
  "Total" : {
    "transaction" : "Total",
    "sampleCount" : 160,
    "errorCount" : 0,
    "errorPct" : 0.0,
    "meanResTime" : 428.0874999999999,
    "medianResTime" : 299.0,
    "minResTime" : 277.0,
    "maxResTime" : 1660.0,
    "pct1ResTime" : 1167.6,
    "pct2ResTime" : 1252.3499999999997,
    "pct3ResTime" : 1544.0999999999974,
    "throughput" : 12.497070998984613,
    "receivedKBytesPerSec" : 4.634533898305085,
    "sentKBytesPerSec" : 3.5651434234163863
  },
  "Auth" : {
    "transaction" : "Auth",
    "sampleCount" : 20,
    "errorCount" : 0,
    "errorPct" : 0.0,
    "meanResTime" : 1259.8,
    "medianResTime" : 1215.5,
    "minResTime" : 1122.0,
    "maxResTime" : 1660.0,
    "pct1ResTime" : 1467.2,
    "pct2ResTime" : 1650.4999999999998,
    "pct3ResTime" : 1660.0,
    "throughput" : 1.8609844607797525,
    "receivedKBytesPerSec" : 0.49250662975714155,
    "sentKBytesPerSec" : 0.46706348283241833
  },
  "Create Booking" : {
    "transaction" : "Create Booking",
    "sampleCount" : 20,
    "errorCount" : 0,
    "errorPct" : 0.0,
    "meanResTime" : 310.45,
    "medianResTime" : 297.0,
    "minResTime" : 278.0,
    "maxResTime" : 527.0,
    "pct1ResTime" : 334.0,
    "pct2ResTime" : 517.3499999999999,
    "pct3ResTime" : 527.0,
    "throughput" : 2.1413276231263385,
    "receivedKBytesPerSec" : 0.9284662740899358,
    "sentKBytesPerSec" : 0.9493776766595289
  },
  "GetBooking" : {
    "transaction" : "GetBooking",
    "sampleCount" : 20,
    "errorCount" : 0,
    "errorPct" : 0.0,
    "meanResTime" : 304.8,
    "medianResTime" : 298.5,
    "minResTime" : 278.0,
    "maxResTime" : 381.0,
    "pct1ResTime" : 346.6,
    "pct2ResTime" : 379.29999999999995,
    "pct3ResTime" : 381.0,
    "throughput" : 2.1424745581146225,
    "receivedKBytesPerSec" : 0.8682880289234065,
    "sentKBytesPerSec" : 0.3912526780931976
  },
  "UpdateBooking " : {
    "transaction" : "UpdateBooking ",
    "sampleCount" : 20,
    "errorCount" : 0,
    "errorPct" : 0.0,
    "meanResTime" : 321.05,
    "medianResTime" : 299.5,
    "minResTime" : 291.0,
    "maxResTime" : 579.0,
    "pct1ResTime" : 376.50000000000006,
    "pct2ResTime" : 568.9999999999999,
    "pct3ResTime" : 579.0,
    "throughput" : 2.1542438604049976,
    "receivedKBytesPerSec" : 0.8730578145196035,
    "sentKBytesPerSec" : 1.0371506085738904
  },
  "DeleteBooking" : {
    "transaction" : "DeleteBooking",
    "sampleCount" : 20,
    "errorCount" : 0,
    "errorPct" : 0.0,
    "meanResTime" : 323.4,
    "medianResTime" : 298.0,
    "minResTime" : 277.0,
    "maxResTime" : 811.0,
    "pct1ResTime" : 329.90000000000003,
    "pct2ResTime" : 787.0499999999997,
    "pct3ResTime" : 811.0,
    "throughput" : 2.1810250817884405,
    "receivedKBytesPerSec" : 0.528217011995638,
    "sentKBytesPerSec" : 0.5473861777535441
  }
}