{
  "GetBooking after Partial Update" : {
    "transaction" : "GetBooking after Partial Update",
    "sampleCount" : 100,
    "errorCount" : 0,
    "errorPct" : 0.0,
    "meanResTime" : 296.17999999999995,
    "medianResTime" : 297.0,
    "minResTime" : 277.0,
    "maxResTime" : 323.0,
    "pct1ResTime" : 303.9,
    "pct2ResTime" : 305.95,
    "pct3ResTime" : 322.8599999999999,
    "throughput" : 31.09452736318408,
    "receivedKBytesPerSec" : 12.601785991915422,
    "sentKBytesPerSec" : 5.648029384328358
  },
  "GetBooking after Update" : {
    "transaction" : "GetBooking after Update",
    "sampleCount" : 100,
    "errorCount" : 0,
    "errorPct" : 0.0,
    "meanResTime" : 289.0299999999999,
    "medianResTime" : 288.5,
    "minResTime" : 276.0,
    "maxResTime" : 302.0,
    "pct1ResTime" : 297.9,
    "pct2ResTime" : 299.0,
    "pct3ResTime" : 301.99,
    "throughput" : 31.505986137366097,
    "receivedKBytesPerSec" : 12.768539303717708,
    "sentKBytesPerSec" : 5.722767013232514
  },
  "PartialUpdateBooking" : {
    "transaction" : "PartialUpdateBooking",
    "sampleCount" : 100,
    "errorCount" : 0,
    "errorPct" : 0.0,
    "meanResTime" : 299.2899999999999,
    "medianResTime" : 294.0,
    "minResTime" : 276.0,
    "maxResTime" : 924.0,
    "pct1ResTime" : 302.0,
    "pct2ResTime" : 304.95,
    "pct3ResTime" : 917.8399999999968,
    "throughput" : 31.28911138923655,
    "receivedKBytesPerSec" : 12.680645729036295,
    "sentKBytesPerSec" : 9.594512672090111
  },
  "Total" : {
    "transaction" : "Total",
    "sampleCount" : 800,
    "errorCount" : 0,
    "errorPct" : 0.0,
    "meanResTime" : 811.5437500000003,
    "medianResTime" : 296.0,
    "minResTime" : 276.0,
    "maxResTime" : 9998.0,
    "pct1ResTime" : 1304.0999999999972,
    "pct2ResTime" : 5253.999999999993,
    "pct3ResTime" : 8228.0,
    "throughput" : 57.699242697439594,
    "receivedKBytesPerSec" : 21.390698250991704,
    "sentKBytesPerSec" : 16.41808285250631
  },
  "Auth" : {
    "transaction" : "Auth",
    "sampleCount" : 100,
    "errorCount" : 0,
    "errorPct" : 0.0,
    "meanResTime" : 4412.189999999998,
    "medianResTime" : 4114.5,
    "minResTime" : 1113.0,
    "maxResTime" : 9998.0,
    "pct1ResTime" : 8228.0,
    "pct2ResTime" : 8460.799999999997,
    "pct3ResTime" : 9997.029999999999,
    "throughput" : 8.499065102838687,
    "receivedKBytesPerSec" : 2.2492642996770353,
    "sentKBytesPerSec" : 2.1330661439741627
  },
  "Create Booking" : {
    "transaction" : "Create Booking",
    "sampleCount" : 100,
    "errorCount" : 0,
    "errorPct" : 0.0,
    "meanResTime" : 314.9099999999999,
    "medianResTime" : 311.5,
    "minResTime" : 279.0,
    "maxResTime" : 353.0,
    "pct1ResTime" : 344.70000000000005,
    "pct2ResTime" : 348.0,
    "pct3ResTime" : 352.99,
    "throughput" : 31.98976327575176,
    "receivedKBytesPerSec" : 13.839321417146513,
    "sentKBytesPerSec" : 14.182961452335253
  },
  "GetBooking" : {
    "transaction" : "GetBooking",
    "sampleCount" : 100,
    "errorCount" : 0,
    "errorPct" : 0.0,
    "meanResTime" : 290.29,
    "medianResTime" : 290.0,
    "minResTime" : 277.0,
    "maxResTime" : 305.0,
    "pct1ResTime" : 299.0,
    "pct2ResTime" : 301.95,
    "pct3ResTime" : 305.0,
    "throughput" : 31.897926634768737,
    "receivedKBytesPerSec" : 12.927382376395535,
    "sentKBytesPerSec" : 5.793959330143541
  },
  "UpdateBooking " : {
    "transaction" : "UpdateBooking ",
    "sampleCount" : 100,
    "errorCount" : 0,
    "errorPct" : 0.0,
    "meanResTime" : 298.2500000000003,
    "medianResTime" : 297.0,
    "minResTime" : 278.0,
    "maxResTime" : 388.0,
    "pct1ResTime" : 305.9,
    "pct2ResTime" : 311.95,
    "pct3ResTime" : 387.90999999999997,
    "throughput" : 31.675641431738995,
    "receivedKBytesPerSec" : 12.837296088058283,
    "sentKBytesPerSec" : 15.219155844155845
  },
  "DeleteBooking" : {
    "transaction" : "DeleteBooking",
    "sampleCount" : 100,
    "errorCount" : 0,
    "errorPct" : 0.0,
    "meanResTime" : 292.2100000000002,
    "medianResTime" : 292.5,
    "minResTime" : 276.0,
    "maxResTime" : 307.0,
    "pct1ResTime" : 299.0,
    "pct2ResTime" : 300.95,
    "pct3ResTime" : 306.96,
    "throughput" : 30.902348578491967,
    "receivedKBytesPerSec" : 7.484162546353522,
    "sentKBytesPerSec" : 7.725587144622991
  }
}