{
  "GetBooking after Partial Update" : {
    "transaction" : "GetBooking after Partial Update",
    "sampleCount" : 2900,
    "errorCount" : 0,
    "errorPct" : 0.0,
    "meanResTime" : 3686.992068965526,
    "medianResTime" : 4315.5,
    "minResTime" : 294.0,
    "maxResTime" : 20619.0,
    "pct1ResTime" : 5049.0,
    "pct2ResTime" : 5190.95,
    "pct3ResTime" : 5513.789999999995,
    "throughput" : 1.4658235653883673,
    "receivedKBytesPerSec" : 0.5940593551134496,
    "sentKBytesPerSec" : 0.269014361595928
  },
  "GetBooking after Update" : {
    "transaction" : "GetBooking after Update",
    "sampleCount" : 2900,
    "errorCount" : 0,
    "errorPct" : 0.0,
    "meanResTime" : 3830.31724137931,
    "medianResTime" : 4272.5,
    "minResTime" : 297.0,
    "maxResTime" : 8035.0,
    "pct1ResTime" : 5220.0,
    "pct2ResTime" : 5331.0,
    "pct3ResTime" : 5452.9299999999985,
    "throughput" : 41.360621835555875,
    "receivedKBytesPerSec" : 16.76236138843329,
    "sentKBytesPerSec" : 7.590682494829923
  },
  "PartialUpdateBooking" : {
    "transaction" : "PartialUpdateBooking",
    "sampleCount" : 2900,
    "errorCount" : 1,
    "errorPct" : 0.03448276,
    "meanResTime" : 7854.552758620699,
    "medianResTime" : 8028.0,
    "minResTime" : 299.0,
    "maxResTime" : 1961453.0,
    "pct1ResTime" : 9985.0,
    "pct2ResTime" : 10034.95,
    "pct3ResTime" : 10113.0,
    "throughput" : 1.4746660008634425,
    "receivedKBytesPerSec" : 0.5990065883881748,
    "sentKBytesPerSec" : 0.45481349257098863
  },
  "Total" : {
    "transaction" : "Total",
    "sampleCount" : 23200,
    "errorCount" : 2,
    "errorPct" : 0.00862069,
    "meanResTime" : 7245.132068965495,
    "medianResTime" : 4839.0,
    "minResTime" : 294.0,
    "maxResTime" : 1961453.0,
    "pct1ResTime" : 10029.0,
    "pct2ResTime" : 24366.750000000004,
    "pct3ResTime" : 51964.990000000005,
    "throughput" : 11.459981940649149,
    "receivedKBytesPerSec" : 4.252779288743877,
    "sentKBytesPerSec" : 3.276929274993134
  },
  "Auth" : {
    "transaction" : "Auth",
    "sampleCount" : 2900,
    "errorCount" : 0,
    "errorPct" : 0.0,
    "meanResTime" : 23129.000344827564,
    "medianResTime" : 14919.0,
    "minResTime" : 1648.0,
    "maxResTime" : 75384.0,
    "pct1ResTime" : 50795.8,
    "pct2ResTime" : 52369.9,
    "pct3ResTime" : 58616.0,
    "throughput" : 36.0683059089835,
    "receivedKBytesPerSec" : 9.545420802084498,
    "sentKBytesPerSec" : 9.052299432235115
  },
  "Create Booking" : {
    "transaction" : "Create Booking",
    "sampleCount" : 2900,
    "errorCount" : 0,
    "errorPct" : 0.0,
    "meanResTime" : 3223.715862068973,
    "medianResTime" : 3154.0,
    "minResTime" : 754.0,
    "maxResTime" : 15642.0,
    "pct1ResTime" : 4812.700000000001,
    "pct2ResTime" : 5007.0,
    "pct3ResTime" : 6489.909999999998,
    "throughput" : 39.47511706414026,
    "receivedKBytesPerSec" : 17.1519755849804,
    "sentKBytesPerSec" : 17.50166322960906
  },
  "GetBooking" : {
    "transaction" : "GetBooking",
    "sampleCount" : 2900,
    "errorCount" : 0,
    "errorPct" : 0.0,
    "meanResTime" : 3337.921379310351,
    "medianResTime" : 3407.0,
    "minResTime" : 298.0,
    "maxResTime" : 8674.0,
    "pct1ResTime" : 4951.700000000001,
    "pct2ResTime" : 5175.699999999999,
    "pct3ResTime" : 5567.919999999998,
    "throughput" : 39.94655426532777,
    "receivedKBytesPerSec" : 16.189277363389674,
    "sentKBytesPerSec" : 7.331166620177143
  },
  "UpdateBooking " : {
    "transaction" : "UpdateBooking ",
    "sampleCount" : 2900,
    "errorCount" : 0,
    "errorPct" : 0.0,
    "meanResTime" : 6617.1944827586185,
    "medianResTime" : 6613.5,
    "minResTime" : 304.0,
    "maxResTime" : 11606.0,
    "pct1ResTime" : 9876.6,
    "pct2ResTime" : 9993.0,
    "pct3ResTime" : 10117.98,
    "throughput" : 40.62933437942194,
    "receivedKBytesPerSec" : 16.46599000728526,
    "sentKBytesPerSec" : 19.597661230158174
  },
  "DeleteBooking" : {
    "transaction" : "DeleteBooking",
    "sampleCount" : 2900,
    "errorCount" : 1,
    "errorPct" : 0.03448276,
    "meanResTime" : 6281.362413793111,
    "medianResTime" : 7277.5,
    "minResTime" : 298.0,
    "maxResTime" : 30299.0,
    "pct1ResTime" : 9770.400000000001,
    "pct2ResTime" : 9951.0,
    "pct3ResTime" : 10070.0,
    "throughput" : 1.4451868053447992,
    "receivedKBytesPerSec" : 0.350233449839061,
    "sentKBytesPerSec" : 0.3640190797673349
  }
}