{
  "GetBooking after Partial Update" : {
    "transaction" : "GetBooking after Partial Update",
    "sampleCount" : 10,
    "errorCount" : 0,
    "errorPct" : 0.0,
    "meanResTime" : 306.59999999999997,
    "medianResTime" : 289.5,
    "minResTime" : 284.0,
    "maxResTime" : 371.0,
    "pct1ResTime" : 370.8,
    "pct2ResTime" : 371.0,
    "pct3ResTime" : 371.0,
    "throughput" : 1.4954389113204727,
    "receivedKBytesPerSec" : 0.6060616681621056,
    "sentKBytesPerSec" : 0.2730928480634066
  },
  "GetBooking after Update" : {
    "transaction" : "GetBooking after Update",
    "sampleCount" : 10,
    "errorCount" : 0,
    "errorPct" : 0.0,
    "meanResTime" : 354.79999999999995,
    "medianResTime" : 297.5,
    "minResTime" : 283.0,
    "maxResTime" : 596.0,
    "pct1ResTime" : 589.3000000000001,
    "pct2ResTime" : 596.0,
    "pct3ResTime" : 596.0,
    "throughput" : 1.3408420488066506,
    "receivedKBytesPerSec" : 0.5434076662644141,
    "sentKBytesPerSec" : 0.24486080383480827
  },
  "PartialUpdateBooking" : {
    "transaction" : "PartialUpdateBooking",
    "sampleCount" : 10,
    "errorCount" : 0,
    "errorPct" : 0.0,
    "meanResTime" : 375.2,
    "medianResTime" : 298.0,
    "minResTime" : 285.0,
    "maxResTime" : 787.0,
    "pct1ResTime" : 763.0000000000001,
    "pct2ResTime" : 787.0,
    "pct3ResTime" : 787.0,
    "throughput" : 1.3952839402818473,
    "receivedKBytesPerSec" : 0.565471518766569,
    "sentKBytesPerSec" : 0.42921332147341984
  },
  "Total" : {
    "transaction" : "Total",
    "sampleCount" : 80,
    "errorCount" : 0,
    "errorPct" : 0.0,
    "meanResTime" : 492.4500000000002,
    "medianResTime" : 305.0,
    "minResTime" : 282.0,
    "maxResTime" : 1570.0,
    "pct1ResTime" : 1151.0,
    "pct2ResTime" : 1197.45,
    "pct3ResTime" : 1570.0,
    "throughput" : 6.531678641410843,
    "receivedKBytesPerSec" : 2.4222704727302418,
    "sentKBytesPerSec" : 1.8633463116427174
  },
  "Auth" : {
    "transaction" : "Auth",
    "sampleCount" : 10,
    "errorCount" : 0,
    "errorPct" : 0.0,
    "meanResTime" : 1218.5,
    "medianResTime" : 1180.0,
    "minResTime" : 1128.0,
    "maxResTime" : 1570.0,
    "pct1ResTime" : 1541.9,
    "pct2ResTime" : 1570.0,
    "pct3ResTime" : 1570.0,
    "throughput" : 0.9902951079421667,
    "receivedKBytesPerSec" : 0.26208005298078824,
    "sentKBytesPerSec" : 0.24854086205189144
  },
  "Create Booking" : {
    "transaction" : "Create Booking",
    "sampleCount" : 10,
    "errorCount" : 0,
    "errorPct" : 0.0,
    "meanResTime" : 430.6,
    "medianResTime" : 352.0,
    "minResTime" : 282.0,
    "maxResTime" : 696.0,
    "pct1ResTime" : 689.2,
    "pct2ResTime" : 696.0,
    "pct3ResTime" : 696.0,
    "throughput" : 1.1363636363636362,
    "receivedKBytesPerSec" : 0.4927201704545454,
    "sentKBytesPerSec" : 0.5038174715909091
  },
  "GetBooking" : {
    "transaction" : "GetBooking",
    "sampleCount" : 10,
    "errorCount" : 0,
    "errorPct" : 0.0,
    "meanResTime" : 431.59999999999997,
    "medianResTime" : 341.0,
    "minResTime" : 285.0,
    "maxResTime" : 689.0,
    "pct1ResTime" : 685.7,
    "pct2ResTime" : 689.0,
    "pct3ResTime" : 689.0,
    "throughput" : 1.1716461628588166,
    "receivedKBytesPerSec" : 0.4748370679554774,
    "sentKBytesPerSec" : 0.21396272700644406
  },
  "UpdateBooking " : {
    "transaction" : "UpdateBooking ",
    "sampleCount" : 10,
    "errorCount" : 0,
    "errorPct" : 0.0,
    "meanResTime" : 519.4000000000001,
    "medianResTime" : 320.5,
    "minResTime" : 285.0,
    "maxResTime" : 1088.0,
    "pct1ResTime" : 1078.8,
    "pct2ResTime" : 1088.0,
    "pct3ResTime" : 1088.0,
    "throughput" : 1.2128562765312312,
    "receivedKBytesPerSec" : 0.4915384323832626,
    "sentKBytesPerSec" : 0.583923969072165
  },
  "DeleteBooking" : {
    "transaction" : "DeleteBooking",
    "sampleCount" : 10,
    "errorCount" : 0,
    "errorPct" : 0.0,
    "meanResTime" : 302.9,
    "medianResTime" : 292.5,
    "minResTime" : 284.0,
    "maxResTime" : 338.0,
    "pct1ResTime" : 336.9,
    "pct2ResTime" : 338.0,
    "pct3ResTime" : 338.0,
    "throughput" : 1.5053439710973957,
    "receivedKBytesPerSec" : 0.3645754930001505,
    "sentKBytesPerSec" : 0.37780605524612376
  }
}