{
  "GetBooking after Partial Update" : {
    "transaction" : "GetBooking after Partial Update",
    "sampleCount" : 800,
    "errorCount" : 0,
    "errorPct" : 0.0,
    "meanResTime" : 326.65374999999995,
    "medianResTime" : 294.0,
    "minResTime" : 273.0,
    "maxResTime" : 1410.0,
    "pct1ResTime" : 330.0,
    "pct2ResTime" : 416.74999999999966,
    "pct3ResTime" : 894.99,
    "throughput" : 78.83326763894364,
    "receivedKBytesPerSec" : 31.949029365392196,
    "sentKBytesPerSec" : 14.315378492067403
  },
  "GetBooking after Update" : {
    "transaction" : "GetBooking after Update",
    "sampleCount" : 800,
    "errorCount" : 0,
    "errorPct" : 0.0,
    "meanResTime" : 321.98374999999976,
    "medianResTime" : 294.0,
    "minResTime" : 273.0,
    "maxResTime" : 1557.0,
    "pct1ResTime" : 334.0,
    "pct2ResTime" : 382.0,
    "pct3ResTime" : 950.8900000000001,
    "throughput" : 78.56230973190611,
    "receivedKBytesPerSec" : 31.839217322989295,
    "sentKBytesPerSec" : 14.266175089610135
  },
  "PartialUpdateBooking" : {
    "transaction" : "PartialUpdateBooking",
    "sampleCount" : 800,
    "errorCount" : 0,
    "errorPct" : 0.0,
    "meanResTime" : 340.37000000000035,
    "medianResTime" : 296.0,
    "minResTime" : 275.0,
    "maxResTime" : 1497.0,
    "pct1ResTime" : 340.9,
    "pct2ResTime" : 881.9499999999999,
    "pct3ResTime" : 1002.8000000000002,
    "throughput" : 78.5700255352583,
    "receivedKBytesPerSec" : 31.842344333136907,
    "sentKBytesPerSec" : 24.088829398693772
  },
  "Total" : {
    "transaction" : "Total",
    "sampleCount" : 6400,
    "errorCount" : 0,
    "errorPct" : 0.0,
    "meanResTime" : 464.93296875000027,
    "medianResTime" : 297.0,
    "minResTime" : 272.0,
    "maxResTime" : 6123.0,
    "pct1ResTime" : 1166.0,
    "pct2ResTime" : 1229.0,
    "pct3ResTime" : 2198.869999999997,
    "throughput" : 459.70406550782934,
    "receivedKBytesPerSec" : 170.4220809465235,
    "sentKBytesPerSec" : 130.78965059797443
  },
  "Auth" : {
    "transaction" : "Auth",
    "sampleCount" : 800,
    "errorCount" : 0,
    "errorPct" : 0.0,
    "meanResTime" : 1438.9399999999987,
    "medianResTime" : 1201.0,
    "minResTime" : 1110.0,
    "maxResTime" : 6123.0,
    "pct1ResTime" : 2080.2999999999997,
    "pct2ResTime" : 2733.2499999999977,
    "pct3ResTime" : 3580.94,
    "throughput" : 68.75805758487323,
    "receivedKBytesPerSec" : 18.196712505371725,
    "sentKBytesPerSec" : 17.256660936828535
  },
  "Create Booking" : {
    "transaction" : "Create Booking",
    "sampleCount" : 800,
    "errorCount" : 0,
    "errorPct" : 0.0,
    "meanResTime" : 333.2875,
    "medianResTime" : 298.0,
    "minResTime" : 274.0,
    "maxResTime" : 1797.0,
    "pct1ResTime" : 375.0,
    "pct2ResTime" : 423.94999999999993,
    "pct3ResTime" : 1082.92,
    "throughput" : 80.53961542333634,
    "receivedKBytesPerSec" : 34.83879099340582,
    "sentKBytesPerSec" : 35.707993556830765
  },
  "GetBooking" : {
    "transaction" : "GetBooking",
    "sampleCount" : 800,
    "errorCount" : 0,
    "errorPct" : 0.0,
    "meanResTime" : 321.9162499999999,
    "medianResTime" : 295.0,
    "minResTime" : 275.0,
    "maxResTime" : 1713.0,
    "pct1ResTime" : 329.9,
    "pct2ResTime" : 375.94999999999993,
    "pct3ResTime" : 1004.98,
    "throughput" : 78.45444738648621,
    "receivedKBytesPerSec" : 31.795503579484166,
    "sentKBytesPerSec" : 14.246588304158086
  },
  "UpdateBooking " : {
    "transaction" : "UpdateBooking ",
    "sampleCount" : 800,
    "errorCount" : 0,
    "errorPct" : 0.0,
    "meanResTime" : 329.62875000000025,
    "medianResTime" : 298.0,
    "minResTime" : 274.0,
    "maxResTime" : 1197.0,
    "pct1ResTime" : 350.0,
    "pct2ResTime" : 456.8499999999998,
    "pct3ResTime" : 1050.4900000000005,
    "throughput" : 78.50063781768226,
    "receivedKBytesPerSec" : 31.81422333431459,
    "sentKBytesPerSec" : 37.713174461534685
  },
  "DeleteBooking" : {
    "transaction" : "DeleteBooking",
    "sampleCount" : 800,
    "errorCount" : 0,
    "errorPct" : 0.0,
    "meanResTime" : 306.68374999999986,
    "medianResTime" : 293.0,
    "minResTime" : 272.0,
    "maxResTime" : 901.0,
    "pct1ResTime" : 313.0,
    "pct2ResTime" : 335.0,
    "pct3ResTime" : 846.97,
    "throughput" : 79.06700929037359,
    "receivedKBytesPerSec" : 19.149041312512352,
    "sentKBytesPerSec" : 19.762795111435064
  }
}