{
  "GetBooking after Partial Update" : {
    "transaction" : "GetBooking after Partial Update",
    "sampleCount" : 2500,
    "errorCount" : 0,
    "errorPct" : 0.0,
    "meanResTime" : 7710.226799999998,
    "medianResTime" : 5604.0,
    "minResTime" : 282.0,
    "maxResTime" : 27972.0,
    "pct1ResTime" : 17418.8,
    "pct2ResTime" : 20365.9,
    "pct3ResTime" : 22814.989999999998,
    "throughput" : 56.84789776474066,
    "receivedKBytesPerSec" : 23.038942941765015,
    "sentKBytesPerSec" : 10.381403205084476
  },
  "GetBooking after Update" : {
    "transaction" : "GetBooking after Update",
    "sampleCount" : 2500,
    "errorCount" : 0,
    "errorPct" : 0.0,
    "meanResTime" : 4298.430000000007,
    "medianResTime" : 4937.0,
    "minResTime" : 282.0,
    "maxResTime" : 23317.0,
    "pct1ResTime" : 5456.9,
    "pct2ResTime" : 5501.95,
    "pct3ResTime" : 6169.99,
    "throughput" : 42.81335091534944,
    "receivedKBytesPerSec" : 17.35111389635744,
    "sentKBytesPerSec" : 7.818453731611665
  },
  "PartialUpdateBooking" : {
    "transaction" : "PartialUpdateBooking",
    "sampleCount" : 2500,
    "errorCount" : 0,
    "errorPct" : 0.0,
    "meanResTime" : 7881.405599999996,
    "medianResTime" : 9343.0,
    "minResTime" : 286.0,
    "maxResTime" : 31388.0,
    "pct1ResTime" : 10249.6,
    "pct2ResTime" : 10879.95,
    "pct3ResTime" : 17015.489999999947,
    "throughput" : 47.00661853188929,
    "receivedKBytesPerSec" : 19.050533877669977,
    "sentKBytesPerSec" : 14.460043786665164
  },
  "Total" : {
    "transaction" : "Total",
    "sampleCount" : 20000,
    "errorCount" : 0,
    "errorPct" : 0.0,
    "meanResTime" : 8923.313149999944,
    "medianResTime" : 4883.0,
    "minResTime" : 282.0,
    "maxResTime" : 91219.0,
    "pct1ResTime" : 26303.9,
    "pct2ResTime" : 30803.700000000004,
    "pct3ResTime" : 68912.96,
    "throughput" : 189.186121306141,
    "receivedKBytesPerSec" : 70.15959918555374,
    "sentKBytesPerSec" : 53.97069891265277
  },
  "Auth" : {
    "transaction" : "Auth",
    "sampleCount" : 2500,
    "errorCount" : 0,
    "errorPct" : 0.0,
    "meanResTime" : 36106.63919999996,
    "medianResTime" : 29757.5,
    "minResTime" : 18931.0,
    "maxResTime" : 91219.0,
    "pct1ResTime" : 68346.7,
    "pct2ResTime" : 69963.65,
    "pct3ResTime" : 73145.87,
    "throughput" : 24.263364261034976,
    "receivedKBytesPerSec" : 6.421261440176249,
    "sentKBytesPerSec" : 6.089535756919911
  },
  "Create Booking" : {
    "transaction" : "Create Booking",
    "sampleCount" : 2500,
    "errorCount" : 0,
    "errorPct" : 0.0,
    "meanResTime" : 2397.2612000000036,
    "medianResTime" : 2209.0,
    "minResTime" : 844.0,
    "maxResTime" : 17330.0,
    "pct1ResTime" : 3873.5000000000005,
    "pct2ResTime" : 4050.8499999999995,
    "pct3ResTime" : 5386.99,
    "throughput" : 37.07603553367245,
    "receivedKBytesPerSec" : 16.07593728217829,
    "sentKBytesPerSec" : 16.43800794168681
  },
  "GetBooking" : {
    "transaction" : "GetBooking",
    "sampleCount" : 2500,
    "errorCount" : 0,
    "errorPct" : 0.0,
    "meanResTime" : 2472.152000000002,
    "medianResTime" : 2379.0,
    "minResTime" : 283.0,
    "maxResTime" : 13546.0,
    "pct1ResTime" : 3916.0,
    "pct2ResTime" : 4484.0,
    "pct3ResTime" : 5096.7499999999945,
    "throughput" : 37.684086763841364,
    "receivedKBytesPerSec" : 15.272359381830242,
    "sentKBytesPerSec" : 6.881761938318688
  },
  "UpdateBooking " : {
    "transaction" : "UpdateBooking ",
    "sampleCount" : 2500,
    "errorCount" : 0,
    "errorPct" : 0.0,
    "meanResTime" : 7883.463600000002,
    "medianResTime" : 9614.0,
    "minResTime" : 286.0,
    "maxResTime" : 13567.0,
    "pct1ResTime" : 10380.0,
    "pct2ResTime" : 10466.95,
    "pct3ResTime" : 10668.949999999999,
    "throughput" : 38.08595237732515,
    "receivedKBytesPerSec" : 15.435224840419858,
    "sentKBytesPerSec" : 18.33630324416142
  },
  "DeleteBooking" : {
    "transaction" : "DeleteBooking",
    "sampleCount" : 2500,
    "errorCount" : 0,
    "errorPct" : 0.0,
    "meanResTime" : 2636.9267999999975,
    "medianResTime" : 1751.0,
    "minResTime" : 284.0,
    "maxResTime" : 23736.0,
    "pct1ResTime" : 6408.600000000002,
    "pct2ResTime" : 10140.599999999991,
    "pct3ResTime" : 18063.809999999998,
    "throughput" : 63.19195187300945,
    "receivedKBytesPerSec" : 15.304300844244478,
    "sentKBytesPerSec" : 15.859698858753351
  }
}